<Lab Name="generated by lab2lab" Width="17.5" Height="17.5">
    <Beacon X="13.5" Y="13.5" Height="2.0" />
    <Target X="13.5" Y="13.5" Radius="2.0" />

    <Wall Height="1.0">
        <Corner X="17.5" Y="4.5" />
        <Corner X="14.5" Y="4.5" />
        <Corner X="14.5" Y="6.5" />
        <Corner X="13" Y="6.5" />
        <Corner X="13" Y="6" />
        <Corner X="14" Y="6" />
        <Corner X="14" Y="4" />
        <Corner X="17.5" Y="4" />
    </Wall>

    <Wall Height="1.0">
        <Corner X="6" Y="17.5" />
        <Corner X="6" Y="10" />
        <Corner X="6.5" Y="10" />
        <Corner X="6.5" Y="17.5" />
    </Wall>

    <Wall Height="1.0">
        <Corner X="6" Y="2.5" />
        <Corner X="7" Y="2.5" />
        <Corner X="7" Y="3" />
        <Corner X="3" Y="7" />
        <Corner X="3" Y="15" />
        <Corner X="2.5" Y="15" />
        <Corner X="2.5" Y="6" />
    </Wall>

    <Wall Height="1.0">
        <Corner X="10" Y="3" />
        <Corner X="10" Y="7.5" />
        <Corner X="6" Y="7.5" />
        <Corner X="6" Y="7" />
        <Corner X="9.5" Y="7" />
        <Corner X="9.5" Y="3" />
    </Wall>

    <Wall Height="1.0">
        <Corner X="14" Y="11" />
        <Corner X="14" Y="9.5" />
        <Corner X="13.5" Y="9.5" />
        <Corner X="13.5" Y="9" />
        <Corner X="14.5" Y="9" />
        <Corner X="14.5" Y="11.5" />
        <Corner X="11.5" Y="11.5" />
        <Corner X="11.5" Y="14.5" />
        <Corner X="9" Y="14.5" />
        <Corner X="9" Y="13.5" />
        <Corner X="9.5" Y="13.5" />
        <Corner X="9.5" Y="14" />
        <Corner X="11" Y="14" />
        <Corner X="11" Y="11" />
    </Wall>

</Lab>
